article_id,title,user,ip,vote,content,ip_datetime,ip_state,group
M.1638230633.A.538,Re: [新聞] 高嘉瑜驚傳遭現任男友痛毆、控制行動！,henry1915,101.12.31.190,推,支語覺青 笑死人XD,101.12.31.190 11/30 08:38,Not Anonymous,4.0
M.1638234362.A.F19,[新聞] 高嘉瑜認了遭握｢親密影片｣全身傷不敢報,mars56,42.73.96.115,推,婦女部呢？,42.73.96.115 11/30 12:22,Not Anonymous,4.0
M.1638235271.A.45E,[新聞] 高嘉瑜恐怖男友遭爆「板橋林家富少」,findwind0826,61.216.20.61,→,板橋 林家 該不會跟自由有關吧?,61.216.20.61 11/30 10:18,Possible Proxy,4.0
M.1638235271.A.45E,[新聞] 高嘉瑜恐怖男友遭爆「板橋林家富少」,findwind0826,61.216.20.61,→,而且還讓高和肥宅男友分手 我不敢想,61.216.20.61 11/30 10:19,Possible Proxy,4.0
M.1638235271.A.45E,[新聞] 高嘉瑜恐怖男友遭爆「板橋林家富少」,findwind0826,61.216.20.61,→,只能說立委還不是要乖乖屈服於媒體,61.216.20.61 11/30 10:19,Possible Proxy,4.0
M.1638235271.A.45E,[新聞] 高嘉瑜恐怖男友遭爆「板橋林家富少」,findwind0826,61.216.20.61,→,看起來猜交往幾個月就敢動手腳,61.216.20.61 11/30 10:20,Possible Proxy,4.0
M.1638235271.A.45E,[新聞] 高嘉瑜恐怖男友遭爆「板橋林家富少」,findwind0826,61.216.20.61,→,我看當初可能是強逼分手的,61.216.20.61 11/30 10:20,Possible Proxy,4.0
M.1638235271.A.45E,[新聞] 高嘉瑜恐怖男友遭爆「板橋林家富少」,findwind0826,61.216.20.61,→,真會玩...,61.216.20.61 11/30 10:20,Possible Proxy,4.0
M.1638235271.A.45E,[新聞] 高嘉瑜恐怖男友遭爆「板橋林家富少」,findwind0826,61.216.20.61,推,欸不是阿 交往沒幾個月就拍片打人,61.216.20.61 11/30 11:01,Possible Proxy,4.0
M.1638235271.A.45E,[新聞] 高嘉瑜恐怖男友遭爆「板橋林家富少」,findwind0826,61.216.20.61,→,而且對象還是立委欸,61.216.20.61 11/30 11:01,Possible Proxy,4.0
M.1638235271.A.45E,[新聞] 高嘉瑜恐怖男友遭爆「板橋林家富少」,findwind0826,61.216.20.61,→,你們真的覺得恐怖情人而已?,61.216.20.61 11/30 11:01,Possible Proxy,4.0
M.1638236787.A.F29,Re: [新聞] 快訊／高嘉瑜驚傳被家暴！蘇貞昌聲援　痛,Thaichonburi,171.97.102.73,噓,低能兒見縫插針 插自己頭上。,171.97.102.73 11/30 09:50,Not Anonymous,4.0
M.1638236787.A.F29,Re: [新聞] 快訊／高嘉瑜驚傳被家暴！蘇貞昌聲援　痛,Thaichonburi,171.97.102.73,→,快去問台北市低能兒輿情小組。這個,171.97.102.73 11/30 10:12,Not Anonymous,4.0
M.1638236787.A.F29,Re: [新聞] 快訊／高嘉瑜驚傳被家暴！蘇貞昌聲援　痛,Thaichonburi,171.97.102.73,→,要去拍拍還是要打啦幹,171.97.102.73 11/30 10:12,Not Anonymous,4.0
M.1638242110.A.488,[新聞] 高嘉瑜首度發聲！「勇敢面對，希望不要再,findwind0826,61.216.20.61,推,笑死 還能隱忍XDDDDDD,61.216.20.61 11/30 11:28,Possible Proxy,4.0
M.1638242110.A.488,[新聞] 高嘉瑜首度發聲！「勇敢面對，希望不要再,Thaichonburi,171.97.102.73,→,還沒嫁 標題是在家暴什洨的啦,171.97.102.73 11/30 11:30,Not Anonymous,4.0
M.1638242110.A.488,[新聞] 高嘉瑜首度發聲！「勇敢面對，希望不要再,Thaichonburi,171.97.102.73,→,就恐怖情人 暴力事件,171.97.102.73 11/30 11:31,Not Anonymous,4.0
M.1638242110.A.488,[新聞] 高嘉瑜首度發聲！「勇敢面對，希望不要再,madeathmao,60.250.204.170,推,情侶本來就算家暴法的範圍好嗎,60.250.204.170 11/30 11:32,Not Anonymous,4.0
M.1638242204.A.2BC,[新聞] 高嘉瑜傳被男友痛毆 范雲:謝謝勇敢站出來,findwind0826,61.216.20.61,推,八卦是 男方透過她跟蔡英文要輓聯,61.216.20.61 11/30 11:30,Possible Proxy,4.0
M.1638242204.A.2BC,[新聞] 高嘉瑜傳被男友痛毆 范雲:謝謝勇敢站出來,findwind0826,61.216.20.61,→,看來跟男方很熟欸,61.216.20.61 11/30 11:30,Possible Proxy,4.0
M.1638242358.A.E02,[新聞] 家暴卻裝好男人！高嘉瑜男友「雙面文」曝,wwwsky,60.250.204.170,→,范雲人呢？,60.250.204.170 11/30 11:44,Not Anonymous,4.0
M.1638243951.A.33C,[新聞] 1218公投》綠委高嘉瑜認了： 萊豬不等於,mars56,42.73.96.115,推,范雲呢？,42.73.96.115 11/30 12:09,Not Anonymous,4.0
M.1638244252.A.993,[新聞] 遭爆痛毆高嘉瑜！林秉樞扯「喪母之痛」,findwind0826,61.216.20.61,→,說真的文青都這種調 做錯事一堆理由,61.216.20.61 11/30 11:56,Possible Proxy,4.0
M.1638244252.A.993,[新聞] 遭爆痛毆高嘉瑜！林秉樞扯「喪母之痛」,findwind0826,61.216.20.61,→,那天殺人也能寫一篇文情並茂的,61.216.20.61 11/30 11:56,Possible Proxy,4.0
M.1638244252.A.993,[新聞] 遭爆痛毆高嘉瑜！林秉樞扯「喪母之痛」,simata,60.250.204.170,噓,共三小 打人不認？,60.250.204.170 11/30 12:09,Not Anonymous,4.0
M.1638244252.A.993,[新聞] 遭爆痛毆高嘉瑜！林秉樞扯「喪母之痛」,madeathmao,60.250.204.170,推,到底在公殺小,60.250.204.170 11/30 12:15,Not Anonymous,4.0
M.1638246983.A.AF4,[生活] 港湖女神高嘉瑜證實在板橋遭「家暴」 侯,freeunixer,12/01,→,"被""男友""""家暴"",這種說法真妙...",12/01 01:09,no ip,4.0
M.1638252358.A.33E,Re: [新聞] 高嘉瑜傳遭男友家暴　疑「親密影片」被,sumsum,42.72.161.222,推,媽我在這裡,42.72.161.222 11/30 22:09,Not Anonymous,4.0
M.1638252477.A.78B,[爆卦] 高嘉瑜家暴事件沒說到的幕後花絮,findwind0826,61.216.20.61,推,笑了 一篇就想幫動手的洗白喔XDDD,61.216.20.61 11/30 14:11,Possible Proxy,4.0
M.1638252477.A.78B,[爆卦] 高嘉瑜家暴事件沒說到的幕後花絮,findwind0826,61.216.20.61,→,我就問一句 他為什麼有錢長期住酒店,61.216.20.61 11/30 14:12,Possible Proxy,4.0
M.1638252477.A.78B,[爆卦] 高嘉瑜家暴事件沒說到的幕後花絮,findwind0826,61.216.20.61,→,他為什麼有錢長期住酒店? 他是誰?,61.216.20.61 11/30 14:12,Possible Proxy,4.0
M.1638252477.A.78B,[爆卦] 高嘉瑜家暴事件沒說到的幕後花絮,findwind0826,61.216.20.61,→,有動手 有拍影片 那基本沒啥好講了,61.216.20.61 11/30 14:13,Possible Proxy,4.0
M.1638252477.A.78B,[爆卦] 高嘉瑜家暴事件沒說到的幕後花絮,findwind0826,61.216.20.61,→,這ID爆料督割味有夠重 之前爆料棒球,61.216.20.61 11/30 14:14,Possible Proxy,4.0
M.1638252477.A.78B,[爆卦] 高嘉瑜家暴事件沒說到的幕後花絮,findwind0826,61.216.20.61,→,文章風格就督割味,61.216.20.61 11/30 14:14,Possible Proxy,4.0
M.1638252477.A.78B,[爆卦] 高嘉瑜家暴事件沒說到的幕後花絮,findwind0826,61.216.20.61,→,督割風的爆料就避重就輕,61.216.20.61 11/30 14:14,Possible Proxy,4.0
M.1638252477.A.78B,[爆卦] 高嘉瑜家暴事件沒說到的幕後花絮,findwind0826,61.216.20.61,→,督割風的爆料就避重就輕 不上車囉~,61.216.20.61 11/30 14:15,Possible Proxy,4.0
M.1638252477.A.78B,[爆卦] 高嘉瑜家暴事件沒說到的幕後花絮,findwind0826,61.216.20.61,→,我是不知道是不是督割拉 但味道很濃,61.216.20.61 11/30 14:16,Possible Proxy,4.0
M.1638252477.A.78B,[爆卦] 高嘉瑜家暴事件沒說到的幕後花絮,findwind0826,61.216.20.61,→,文風這種東西改不了 督割卡神都這樣,61.216.20.61 11/30 14:16,Possible Proxy,4.0
M.1638252477.A.78B,[爆卦] 高嘉瑜家暴事件沒說到的幕後花絮,findwind0826,61.216.20.61,→,督割卡神就一整套訓練班的 嘔嘔嘔,61.216.20.61 11/30 14:17,Possible Proxy,4.0
M.1638252477.A.78B,[爆卦] 高嘉瑜家暴事件沒說到的幕後花絮,Thaichonburi,171.97.102.73,推,一個立委被軟禁2天 隨扈與助理吃屎,171.97.102.73 11/30 14:43,Not Anonymous,4.0
M.1638252477.A.78B,[爆卦] 高嘉瑜家暴事件沒說到的幕後花絮,Thaichonburi,171.97.102.73,→,的嗎？,171.97.102.73 11/30 14:43,Not Anonymous,4.0
M.1638252477.A.78B,[爆卦] 高嘉瑜家暴事件沒說到的幕後花絮,findwind0826,61.216.20.61,→,廢話一堆 不就有影片在搞威脅,61.216.20.61 11/30 14:48,Possible Proxy,4.0
M.1638252477.A.78B,[爆卦] 高嘉瑜家暴事件沒說到的幕後花絮,findwind0826,61.216.20.61,→,我手上有影片 叫妳爬的也要過來,61.216.20.61 11/30 14:49,Possible Proxy,4.0
M.1638252477.A.78B,[爆卦] 高嘉瑜家暴事件沒說到的幕後花絮,cates,42.73.217.149,推,至板凳看戲嘍,42.73.217.149 11/30 22:26,Not Anonymous,4.0
M.1638252477.A.78B,[爆卦] 高嘉瑜家暴事件沒說到的幕後花絮,findwind0826,106.1.235.250,噓,幹你這隻就林秉樞阿 垃圾,106.1.235.250 11/30 23:31,Not Anonymous,4.0
M.1638252477.A.78B,[爆卦] 高嘉瑜家暴事件沒說到的幕後花絮,findwind0826,106.1.235.250,噓,幹連哪個監視器都知道 變態死了,106.1.235.250 11/30 23:35,Not Anonymous,4.0
M.1638252477.A.78B,[爆卦] 高嘉瑜家暴事件沒說到的幕後花絮,findwind0826,106.1.235.250,→,你他媽的哪個趕在護航姓林的試看看,106.1.235.250 11/30 23:36,Not Anonymous,4.0
M.1638252477.A.78B,[爆卦] 高嘉瑜家暴事件沒說到的幕後花絮,findwind0826,106.1.235.250,→,現在全世界有傳單的就只有林秉樞,106.1.235.250 12/01 00:04,Not Anonymous,4.0
M.1638252477.A.78B,[爆卦] 高嘉瑜家暴事件沒說到的幕後花絮,findwind0826,106.1.235.250,→,這自爆真的了不起,106.1.235.250 12/01 00:05,Not Anonymous,4.0
M.1638252477.A.78B,[爆卦] 高嘉瑜家暴事件沒說到的幕後花絮,findwind0826,106.1.235.250,→,馬說傳單全交給林秉樞了,106.1.235.250 12/01 00:05,Not Anonymous,4.0
M.1638252477.A.78B,[爆卦] 高嘉瑜家暴事件沒說到的幕後花絮,findwind0826,106.1.235.250,→,真的超好笑 自爆成這樣有夠好笑,106.1.235.250 12/01 00:05,Not Anonymous,4.0
M.1638253112.A.F06,[爆卦] 塔綠班歡慶高嘉瑜遭家暴！,findwind0826,61.216.20.61,推,笑死 MVPGGYY XDDDDD,61.216.20.61 11/30 14:22,Possible Proxy,4.0
M.1638253112.A.F06,[爆卦] 塔綠班歡慶高嘉瑜遭家暴！,findwind0826,61.216.20.61,→,把政黑當聖經的垃圾 很意外?,61.216.20.61 11/30 14:27,Possible Proxy,4.0
M.1638253361.A.364,Re: [爆卦] 高嘉瑜家暴事件沒說到的幕後花絮,findwind0826,61.216.20.61,→,我也覺得很怪 前男友都當爸爸了,61.216.20.61 11/30 14:23,Possible Proxy,4.0
M.1638254018.A.1DF,Re: [爆卦] 高嘉瑜家暴事件沒說到的幕後花絮,findwind0826,61.216.20.61,推,沒點證據也能爆掛真的了不起,61.216.20.61 11/30 14:41,Possible Proxy,4.0
M.1638254515.A.CD8,Re: [爆卦] 高嘉瑜家暴事件沒說到的幕後花絮,findwind0826,61.216.20.61,推,同集團的 但未證實是本人,61.216.20.61 11/30 14:43,Possible Proxy,4.0
M.1638254515.A.CD8,Re: [爆卦] 高嘉瑜家暴事件沒說到的幕後花絮,findwind0826,61.216.20.61,推,我也覺得是不是idcc,61.216.20.61 11/30 14:47,Possible Proxy,4.0
M.1638255556.A.6D5,Re: [爆卦] 高嘉瑜家暴事件沒說到的幕後花絮,findwind0826,61.216.20.61,推,我也覺得在偷搞高嘉瑜 可憐中美男計,61.216.20.61 11/30 15:01,Possible Proxy,4.0
M.1638255556.A.6D5,Re: [爆卦] 高嘉瑜家暴事件沒說到的幕後花絮,findwind0826,61.216.20.61,推,媽媽在板橋告別式XD,61.216.20.61 11/30 15:10,Possible Proxy,4.0
M.1638255973.A.0DA,Re: [爆卦] 高嘉瑜家暴事件沒說到的幕後花絮,findwind0826,61.216.20.61,→,如果有影片 別說告別式 狗爬式也行,61.216.20.61 11/30 15:10,Possible Proxy,4.0
M.1638255973.A.0DA,Re: [爆卦] 高嘉瑜家暴事件沒說到的幕後花絮,findwind0826,61.216.20.61,→,這邊有那麼難理解嗎?,61.216.20.61 11/30 15:11,Possible Proxy,4.0
M.1638255973.A.0DA,Re: [爆卦] 高嘉瑜家暴事件沒說到的幕後花絮,findwind0826,61.216.20.61,推,如果有影片 別說告別式 狗爬式也行,61.216.20.61 11/30 15:17,Possible Proxy,4.0
M.1638255973.A.0DA,Re: [爆卦] 高嘉瑜家暴事件沒說到的幕後花絮,findwind0826,61.216.20.61,推,影片出去就會傷了拉,61.216.20.61 11/30 15:22,Possible Proxy,4.0
M.1638255973.A.0DA,Re: [爆卦] 高嘉瑜家暴事件沒說到的幕後花絮,findwind0826,61.216.20.61,→,就目前 高絕對沒傷到,61.216.20.61 11/30 15:22,Possible Proxy,4.0
M.1638255973.A.0DA,Re: [爆卦] 高嘉瑜家暴事件沒說到的幕後花絮,findwind0826,61.216.20.61,→,但影片傳出去 高就真的沒救了,61.216.20.61 11/30 15:23,Possible Proxy,4.0
M.1638255973.A.0DA,Re: [爆卦] 高嘉瑜家暴事件沒說到的幕後花絮,findwind0826,61.216.20.61,→,VOLK11有夠噁心 檢討被害人,61.216.20.61 11/30 15:32,Possible Proxy,4.0
M.1638255973.A.0DA,Re: [爆卦] 高嘉瑜家暴事件沒說到的幕後花絮,madeathmao,60.250.204.170,推,為什麼叫家暴？去google啊,60.250.204.170 11/30 15:49,Not Anonymous,4.0
M.1638256448.A.AC0,Re: [爆卦] 高嘉瑜家暴事件沒說到的幕後花絮,findwind0826,61.216.20.61,→,為什麼我覺得林男本來就有背景,61.216.20.61 11/30 15:17,Possible Proxy,4.0
M.1638259600.A.5A7,Re: [新聞] 快訊／遭男友施暴滿身傷！高嘉瑜現身警,madeathmao,60.250.204.170,噓,都幾歲了是要多清純，真有這種腦粉？,60.250.204.170 11/30 16:24,Not Anonymous,4.0
M.1638261399.A.EC4,Re: [新聞] 高嘉瑜傳遭男友家暴　疑「親密影片」被,sumsum,42.72.161.222,推,朝聖學長好,42.72.161.222 11/30 22:07,Not Anonymous,4.0
M.1638264596.A.7D2,[新聞] 高嘉瑜遭男友施暴 國民黨中央黨員：被打,findwind0826,61.216.20.61,推,快笑死XDDDD,61.216.20.61 11/30 17:31,Possible Proxy,4.0
M.1638264596.A.7D2,[新聞] 高嘉瑜遭男友施暴 國民黨中央黨員：被打,yyyyyyyv,42.72.129.249,推,幹快笑死,42.72.129.249 11/30 17:45,Not Anonymous,4.0
M.1638267276.A.53A,[新聞] 高嘉瑜男友太渣！啃老為錢囚禁老母逼下,findwind0826,61.216.20.61,推,挖屋 這獨家真的笑死人,61.216.20.61 11/30 18:22,Possible Proxy,4.0
M.1638267276.A.53A,[新聞] 高嘉瑜男友太渣！啃老為錢囚禁老母逼下,findwind0826,61.216.20.61,→,他媽過世了阿 最近才辦喪禮,61.216.20.61 11/30 18:23,Possible Proxy,4.0
M.1638268634.A.4CB,[新聞] 被爆痛揍高嘉瑜 林秉樞過往評論曝光：嗆,findwind0826,61.216.20.61,推,笑死 說的一嘴好平權,61.216.20.61 11/30 18:46,Possible Proxy,4.0
M.1638268634.A.4CB,[新聞] 被爆痛揍高嘉瑜 林秉樞過往評論曝光：嗆,moon128,42.72.23.181,推,覺青不意外,42.72.23.181 11/30 18:57,Not Anonymous,4.0
M.1638268949.A.3D2,[新聞] 高嘉瑜男友被起底 曾恐嚇前女友「殺死妳,findwind0826,61.216.20.61,推,拿老母當擋箭牌XDDDDD,61.216.20.61 11/30 18:50,Possible Proxy,4.0
M.1638268949.A.3D2,[新聞] 高嘉瑜男友被起底 曾恐嚇前女友「殺死妳,madeathmao,118.166.220.124,推,有些東西就是不值得原諒啦,118.166.220.124 11/30 19:02,Not Anonymous,4.0
M.1638270814.A.D6C,Re: [新聞] 被爆痛揍高嘉瑜 林秉樞過往評論曝光：嗆,yyy8167,114.34.252.214,→,原來如此,114.34.252.214 11/30 19:27,Not Anonymous,4.0
M.1638274737.A.405,Re: [爆卦] 高嘉瑜家暴事件沒說到的幕後花絮,sumsum,42.72.161.222,推,學長好,42.72.161.222 11/30 22:02,Not Anonymous,4.0
M.1638281611.A.5A4,[新聞] 高嘉瑜前男友駁鬧靈堂　發聲明：窮盡所,findwind0826,106.1.235.250,推,這ID就是林秉樞了 馬說傳單被他收走,106.1.235.250 12/01 00:04,Not Anonymous,4.0
M.1638281611.A.5A4,[新聞] 高嘉瑜前男友駁鬧靈堂　發聲明：窮盡所,findwind0826,106.1.235.250,→,現在全世界有傳單的就只有林秉樞,106.1.235.250 12/01 00:04,Not Anonymous,4.0
M.1638281611.A.5A4,[新聞] 高嘉瑜前男友駁鬧靈堂　發聲明：窮盡所,sumsum,42.72.161.222,推,等等 所以演到哪裡了,42.72.161.222 12/01 00:09,Not Anonymous,4.0
M.1638289392.A.55C,Re: [爆卦] 馬文鈺喪禮鬧場 高嘉瑜本人報警抓人,findwind0826,,→,馬打高這件事被allyour和人渣否認了,,no ip,4.0
M.1638289392.A.55C,Re: [爆卦] 馬文鈺喪禮鬧場 高嘉瑜本人報警抓人,findwind0826,106.1.235.250,→,幹備份成功 他刪文了,106.1.235.250 12/01 00:31,Not Anonymous,4.0
M.1638289392.A.55C,Re: [爆卦] 馬文鈺喪禮鬧場 高嘉瑜本人報警抓人,findwind0826,106.1.235.250,→,幹還好有備份 那個垃圾真的沒救,106.1.235.250 12/01 00:32,Not Anonymous,4.0
M.1638289392.A.55C,Re: [爆卦] 馬文鈺喪禮鬧場 高嘉瑜本人報警抓人,findwind0826,106.1.235.250,→,1.林拿資料給他 2.他就是林秉樞,106.1.235.250 12/01 00:33,Not Anonymous,4.0
M.1638289392.A.55C,Re: [爆卦] 馬文鈺喪禮鬧場 高嘉瑜本人報警抓人,findwind0826,106.1.235.250,→,他回推的語氣就slow督割派的阿,106.1.235.250 12/01 00:33,Not Anonymous,4.0
M.1638289392.A.55C,Re: [爆卦] 馬文鈺喪禮鬧場 高嘉瑜本人報警抓人,findwind0826,106.1.235.250,→,幹他們嗆法都一模一樣 訓練有素,106.1.235.250 12/01 00:33,Not Anonymous,4.0
M.1638289392.A.55C,Re: [爆卦] 馬文鈺喪禮鬧場 高嘉瑜本人報警抓人,findwind0826,106.1.235.250,→,那對話就林流出的拉 就林的LINE,106.1.235.250 12/01 00:34,Not Anonymous,4.0
M.1638289392.A.55C,Re: [爆卦] 馬文鈺喪禮鬧場 高嘉瑜本人報警抓人,findwind0826,106.1.235.250,→,轉移焦點拉 把打女人變成情感糾紛,106.1.235.250 12/01 00:34,Not Anonymous,4.0
M.1638289392.A.55C,Re: [爆卦] 馬文鈺喪禮鬧場 高嘉瑜本人報警抓人,findwind0826,106.1.235.250,→,馬有沒有打我不知道 但你要被告了,106.1.235.250 12/01 00:35,Not Anonymous,4.0
M.1638289392.A.55C,Re: [爆卦] 馬文鈺喪禮鬧場 高嘉瑜本人報警抓人,findwind0826,106.1.235.250,→,畜生打完女人還敢上網帶風向 垃圾,106.1.235.250 12/01 00:35,Not Anonymous,4.0
M.1638289392.A.55C,Re: [爆卦] 馬文鈺喪禮鬧場 高嘉瑜本人報警抓人,findwind0826,106.1.235.250,→,他表示他手上啥都有了 再給高警告拉,106.1.235.250 12/01 00:36,Not Anonymous,4.0
M.1638289392.A.55C,Re: [爆卦] 馬文鈺喪禮鬧場 高嘉瑜本人報警抓人,findwind0826,106.1.235.250,→,對他有回推我 叫我私信給他 給影片,106.1.235.250 12/01 00:37,Not Anonymous,4.0
M.1638289392.A.55C,Re: [爆卦] 馬文鈺喪禮鬧場 高嘉瑜本人報警抓人,findwind0826,106.1.235.250,→,笑死 想釣我喔,106.1.235.250 12/01 00:37,Not Anonymous,4.0
M.1638289392.A.55C,Re: [爆卦] 馬文鈺喪禮鬧場 高嘉瑜本人報警抓人,findwind0826,106.1.235.250,→,slow本人我不知道 slow的狗真的很蠢,106.1.235.250 12/01 00:38,Not Anonymous,4.0
M.1638289392.A.55C,Re: [爆卦] 馬文鈺喪禮鬧場 高嘉瑜本人報警抓人,findwind0826,106.1.235.250,→,推blue999 發文是假 警告是真,106.1.235.250 12/01 00:38,Not Anonymous,4.0
M.1638289392.A.55C,Re: [爆卦] 馬文鈺喪禮鬧場 高嘉瑜本人報警抓人,findwind0826,106.1.235.250,→,高明天要開記者會 警告她別講543,106.1.235.250 12/01 00:40,Not Anonymous,4.0
M.1638289392.A.55C,Re: [爆卦] 馬文鈺喪禮鬧場 高嘉瑜本人報警抓人,findwind0826,106.1.235.250,→,她手上的影片已經流給網軍團了,106.1.235.250 12/01 00:40,Not Anonymous,4.0
M.1638289392.A.55C,Re: [爆卦] 馬文鈺喪禮鬧場 高嘉瑜本人報警抓人,findwind0826,106.1.235.250,→,幹手下真的噁心下作到極點,106.1.235.250 12/01 00:41,Not Anonymous,4.0
M.1638289392.A.55C,Re: [爆卦] 馬文鈺喪禮鬧場 高嘉瑜本人報警抓人,findwind0826,106.1.235.250,→,如果有影片 你敢避不見面喔?,106.1.235.250 12/01 00:41,Not Anonymous,4.0
M.1638289392.A.55C,Re: [爆卦] 馬文鈺喪禮鬧場 高嘉瑜本人報警抓人,Thaichonburi,171.97.102.73,噓,紅明顯。幹本來想回文吐他的 自刪文,171.97.102.73 12/01 00:41,Not Anonymous,4.0
M.1638289392.A.55C,Re: [爆卦] 馬文鈺喪禮鬧場 高嘉瑜本人報警抓人,Thaichonburi,171.97.102.73,→,。孬,171.97.102.73 12/01 00:41,Not Anonymous,4.0
M.1638289392.A.55C,Re: [爆卦] 馬文鈺喪禮鬧場 高嘉瑜本人報警抓人,findwind0826,106.1.235.250,→,我是覺得警告沒用 高要拚魚死網破了,106.1.235.250 12/01 00:42,Not Anonymous,4.0
M.1638289392.A.55C,Re: [爆卦] 馬文鈺喪禮鬧場 高嘉瑜本人報警抓人,findwind0826,106.1.235.250,→,高總不能一輩子給這男的勒索,106.1.235.250 12/01 00:43,Not Anonymous,4.0
M.1638289392.A.55C,Re: [爆卦] 馬文鈺喪禮鬧場 高嘉瑜本人報警抓人,findwind0826,106.1.235.250,→,幹有4趴了 影片就馬跟新聞說的,106.1.235.250 12/01 00:44,Not Anonymous,4.0
M.1638289392.A.55C,Re: [爆卦] 馬文鈺喪禮鬧場 高嘉瑜本人報警抓人,findwind0826,106.1.235.250,→,馬打高這件事被allyour和人渣否認了,106.1.235.250 12/01 00:44,Not Anonymous,4.0
M.1638289392.A.55C,Re: [爆卦] 馬文鈺喪禮鬧場 高嘉瑜本人報警抓人,findwind0826,106.1.235.250,→,從頭到尾就這網均的一直講馬有打高,106.1.235.250 12/01 00:45,Not Anonymous,4.0
M.1638289392.A.55C,Re: [爆卦] 馬文鈺喪禮鬧場 高嘉瑜本人報警抓人,findwind0826,106.1.235.250,→,他們就想消毒成感情糾紛阿,106.1.235.250 12/01 00:46,Not Anonymous,4.0
M.1638289392.A.55C,Re: [爆卦] 馬文鈺喪禮鬧場 高嘉瑜本人報警抓人,findwind0826,106.1.235.250,→,幹 用影片控制現任立委叫感情糾紛,106.1.235.250 12/01 00:46,Not Anonymous,4.0
M.1638289392.A.55C,Re: [爆卦] 馬文鈺喪禮鬧場 高嘉瑜本人報警抓人,findwind0826,106.1.235.250,→,這都可以上綱到國安問題了 感情糾紛,106.1.235.250 12/01 00:46,Not Anonymous,4.0
M.1638289392.A.55C,Re: [爆卦] 馬文鈺喪禮鬧場 高嘉瑜本人報警抓人,findwind0826,106.1.235.250,→,幹有夠噁心 玩女人玩到拍影片,106.1.235.250 12/01 00:47,Not Anonymous,4.0
M.1638289392.A.55C,Re: [爆卦] 馬文鈺喪禮鬧場 高嘉瑜本人報警抓人,findwind0826,106.1.235.250,推,應該網頁備份還看的到,106.1.235.250 12/01 00:49,Not Anonymous,4.0
M.1638289392.A.55C,Re: [爆卦] 馬文鈺喪禮鬧場 高嘉瑜本人報警抓人,findwind0826,106.1.235.250,→,各位 下面ubcs有完整備份 回推都有,106.1.235.250 12/01 00:51,Not Anonymous,4.0
M.1638289392.A.55C,Re: [爆卦] 馬文鈺喪禮鬧場 高嘉瑜本人報警抓人,sumsum,42.72.161.222,推,哇噻 血流成河了沒,42.72.161.222 12/01 01:18,Not Anonymous,4.0
M.1638290074.A.BA3,Re: [爆卦] 馬文鈺喪禮鬧場 高嘉瑜本人報警抓人,findwind0826,106.1.235.250,→,labell少帶風向,106.1.235.250 12/01 00:55,Not Anonymous,4.0
M.1638290877.A.DDB,Re: [爆卦] 馬文鈺喪禮鬧場 高嘉瑜本人報警抓人,findwind0826,106.1.235.250,推,他連LINE都拿到了 自爆成這樣快笑死,106.1.235.250 12/01 00:14,Not Anonymous,4.0
M.1638290877.A.DDB,Re: [爆卦] 馬文鈺喪禮鬧場 高嘉瑜本人報警抓人,findwind0826,106.1.235.250,→,這個LINE妳不要說高嘉瑜給你喔,106.1.235.250 12/01 00:15,Not Anonymous,4.0
M.1638290877.A.DDB,Re: [爆卦] 馬文鈺喪禮鬧場 高嘉瑜本人報警抓人,findwind0826,106.1.235.250,→,1.林給的 2.你捏造的 自選吧,106.1.235.250 12/01 00:16,Not Anonymous,4.0
M.1638290877.A.DDB,Re: [爆卦] 馬文鈺喪禮鬧場 高嘉瑜本人報警抓人,findwind0826,106.1.235.250,→,反正高嘉瑜要開記者會了 她被打最大,106.1.235.250 12/01 00:16,Not Anonymous,4.0
M.1638290877.A.DDB,Re: [爆卦] 馬文鈺喪禮鬧場 高嘉瑜本人報警抓人,findwind0826,106.1.235.250,→,反正高嘉瑜要開記者會了 她被打最大,106.1.235.250 12/01 00:16,Not Anonymous,4.0
M.1638290877.A.DDB,Re: [爆卦] 馬文鈺喪禮鬧場 高嘉瑜本人報警抓人,findwind0826,106.1.235.250,→,自爆成這樣 我看氣到崩潰無法自理了,106.1.235.250 12/01 00:17,Not Anonymous,4.0
M.1638290877.A.DDB,Re: [爆卦] 馬文鈺喪禮鬧場 高嘉瑜本人報警抓人,findwind0826,106.1.235.250,→,除非明天高嘉瑜說他們是玩SM拉,106.1.235.250 12/01 00:17,Not Anonymous,4.0
M.1638290877.A.DDB,Re: [爆卦] 馬文鈺喪禮鬧場 高嘉瑜本人報警抓人,findwind0826,106.1.235.250,→,不然你現在講什麼都是假的,106.1.235.250 12/01 00:17,Not Anonymous,4.0
M.1638290877.A.DDB,Re: [爆卦] 馬文鈺喪禮鬧場 高嘉瑜本人報警抓人,findwind0826,106.1.235.250,→,LINE拿的到就兩種 林的手下或是林,106.1.235.250 12/01 00:19,Not Anonymous,4.0
M.1638290877.A.DDB,Re: [爆卦] 馬文鈺喪禮鬧場 高嘉瑜本人報警抓人,findwind0826,106.1.235.250,→,順便講拉 林痛苦三小 當年你打老母,106.1.235.250 12/01 00:20,Not Anonymous,4.0
M.1638290877.A.DDB,Re: [爆卦] 馬文鈺喪禮鬧場 高嘉瑜本人報警抓人,findwind0826,106.1.235.250,→,我就知道你要在明天開記者會給警告,106.1.235.250 12/01 00:21,Not Anonymous,4.0
M.1638290877.A.DDB,Re: [爆卦] 馬文鈺喪禮鬧場 高嘉瑜本人報警抓人,findwind0826,106.1.235.250,→,我看那串對話往上拉就是威脅用影片,106.1.235.250 12/01 00:21,Not Anonymous,4.0
M.1638290877.A.DDB,Re: [爆卦] 馬文鈺喪禮鬧場 高嘉瑜本人報警抓人,findwind0826,106.1.235.250,→,如果有影片 不只站我這邊 玩SM都行,106.1.235.250 12/01 00:22,Not Anonymous,4.0
M.1638290877.A.DDB,Re: [爆卦] 馬文鈺喪禮鬧場 高嘉瑜本人報警抓人,findwind0826,106.1.235.250,→,奇怪妳各位是不知道林手上有影片?,106.1.235.250 12/01 00:23,Not Anonymous,4.0
M.1638290877.A.DDB,Re: [爆卦] 馬文鈺喪禮鬧場 高嘉瑜本人報警抓人,findwind0826,106.1.235.250,推,女神XDD 幹他上一篇還罵高欸,106.1.235.250 12/01 00:25,Not Anonymous,4.0
M.1638290877.A.DDB,Re: [爆卦] 馬文鈺喪禮鬧場 高嘉瑜本人報警抓人,findwind0826,106.1.235.250,→,而且是林的LINE 超好笑XDDD 超自爆,106.1.235.250 12/01 00:25,Not Anonymous,4.0
M.1638290877.A.DDB,Re: [爆卦] 馬文鈺喪禮鬧場 高嘉瑜本人報警抓人,findwind0826,106.1.235.250,→,這時間點拿的到對話 就林或林相關人,106.1.235.250 12/01 00:26,Not Anonymous,4.0
M.1638290877.A.DDB,Re: [爆卦] 馬文鈺喪禮鬧場 高嘉瑜本人報警抓人,findwind0826,106.1.235.250,→,他這個LINE明顯是給高警告拉,106.1.235.250 12/01 00:26,Not Anonymous,4.0
M.1638290877.A.DDB,Re: [爆卦] 馬文鈺喪禮鬧場 高嘉瑜本人報警抓人,findwind0826,106.1.235.250,→,不然幹嘛趕在記者會前發這狗屁不通,106.1.235.250 12/01 00:26,Not Anonymous,4.0
M.1638290877.A.DDB,Re: [爆卦] 馬文鈺喪禮鬧場 高嘉瑜本人報警抓人,findwind0826,106.1.235.250,→,表示林的LINE對話給出去了 警告高,106.1.235.250 12/01 00:27,Not Anonymous,4.0
M.1638290877.A.DDB,Re: [爆卦] 馬文鈺喪禮鬧場 高嘉瑜本人報警抓人,findwind0826,106.1.235.250,→,這文只表示林的LINE對話給出去了,106.1.235.250 12/01 00:27,Not Anonymous,4.0
M.1638290877.A.DDB,Re: [爆卦] 馬文鈺喪禮鬧場 高嘉瑜本人報警抓人,findwind0826,106.1.235.250,→,目的警告高嘉瑜明天記者會最好閉嘴,106.1.235.250 12/01 00:28,Not Anonymous,4.0
M.1638290877.A.DDB,Re: [爆卦] 馬文鈺喪禮鬧場 高嘉瑜本人報警抓人,findwind0826,106.1.235.250,→,少來拉 他下午第一篇文還在打高,106.1.235.250 12/01 00:28,Not Anonymous,4.0
M.1638290877.A.DDB,Re: [爆卦] 馬文鈺喪禮鬧場 高嘉瑜本人報警抓人,findwind0826,106.1.235.250,→,整篇狗屁不通 有意義的訊息就LINE,106.1.235.250 12/01 00:29,Not Anonymous,4.0
M.1638290877.A.DDB,Re: [爆卦] 馬文鈺喪禮鬧場 高嘉瑜本人報警抓人,findwind0826,106.1.235.250,→,果然 直接說出他手上啥都有了 笑死,106.1.235.250 12/01 00:30,Not Anonymous,4.0
M.1638290877.A.DDB,Re: [爆卦] 馬文鈺喪禮鬧場 高嘉瑜本人報警抓人,findwind0826,106.1.235.250,→,高嘉瑜明天講什麼都不可信了,106.1.235.250 12/01 00:30,Not Anonymous,4.0
M.1638290877.A.DDB,Re: [爆卦] 馬文鈺喪禮鬧場 高嘉瑜本人報警抓人,findwind0826,106.1.235.250,→,這篇警告意味太濃太噁心 滾,106.1.235.250 12/01 00:31,Not Anonymous,4.0
M.1638290877.A.DDB,Re: [爆卦] 馬文鈺喪禮鬧場 高嘉瑜本人報警抓人,findwind0826,106.1.235.250,→,喔幹 專業備份,106.1.235.250 12/01 00:50,Not Anonymous,4.0
M.1638290877.A.DDB,Re: [爆卦] 馬文鈺喪禮鬧場 高嘉瑜本人報警抓人,findwind0826,106.1.235.250,→,幹我跟你說 難得的大趴踢,106.1.235.250 12/01 00:51,Not Anonymous,4.0
M.1638290877.A.DDB,Re: [爆卦] 馬文鈺喪禮鬧場 高嘉瑜本人報警抓人,findwind0826,106.1.235.250,推,那隻瘋狂維尼的文風就垃圾督割的阿,106.1.235.250 12/01 00:54,Not Anonymous,4.0
M.1638290877.A.DDB,Re: [爆卦] 馬文鈺喪禮鬧場 高嘉瑜本人報警抓人,findwind0826,106.1.235.250,→,避重就輕但字字句句都在帶風向,106.1.235.250 12/01 00:54,Not Anonymous,4.0
M.1638290877.A.DDB,Re: [爆卦] 馬文鈺喪禮鬧場 高嘉瑜本人報警抓人,findwind0826,106.1.235.250,推,高嘉瑜還要貼圖證明有叫警察 可憐,106.1.235.250 12/01 00:57,Not Anonymous,4.0
M.1638290877.A.DDB,Re: [爆卦] 馬文鈺喪禮鬧場 高嘉瑜本人報警抓人,findwind0826,106.1.235.250,推,連網軍都進來參一腳 我要陰謀論了,106.1.235.250 12/01 00:59,Not Anonymous,4.0
M.1638290877.A.DDB,Re: [爆卦] 馬文鈺喪禮鬧場 高嘉瑜本人報警抓人,findwind0826,106.1.235.250,推,我看聖蟑士用美男計想控制高嘉瑜,106.1.235.250 12/01 01:01,Not Anonymous,4.0
M.1638290877.A.DDB,Re: [爆卦] 馬文鈺喪禮鬧場 高嘉瑜本人報警抓人,findwind0826,106.1.235.250,→,不然影片都拍好了哩,106.1.235.250 12/01 01:01,Not Anonymous,4.0
M.1638290877.A.DDB,Re: [爆卦] 馬文鈺喪禮鬧場 高嘉瑜本人報警抓人,findwind0826,106.1.235.250,→,難怪高嘉瑜越來越聽話 我看布局很久,106.1.235.250 12/01 01:02,Not Anonymous,4.0
M.1638291580.A.FD5,Fw: [爆卦] 馬文鈺喪禮鬧場 高嘉瑜本人報警抓人,findwind0826,106.1.235.250,推,他連LINE都拿到了 自爆成這樣快笑死,106.1.235.250 12/01 00:14,Not Anonymous,4.0
M.1638291580.A.FD5,Fw: [爆卦] 馬文鈺喪禮鬧場 高嘉瑜本人報警抓人,findwind0826,106.1.235.250,→,這個LINE妳不要說高嘉瑜給你喔,106.1.235.250 12/01 00:15,Not Anonymous,4.0
M.1638291580.A.FD5,Fw: [爆卦] 馬文鈺喪禮鬧場 高嘉瑜本人報警抓人,findwind0826,106.1.235.250,→,1.林給的 2.你捏造的 自選吧,106.1.235.250 12/01 00:16,Not Anonymous,4.0
M.1638291580.A.FD5,Fw: [爆卦] 馬文鈺喪禮鬧場 高嘉瑜本人報警抓人,findwind0826,106.1.235.250,→,反正高嘉瑜要開記者會了 她被打最大,106.1.235.250 12/01 00:16,Not Anonymous,4.0
M.1638291580.A.FD5,Fw: [爆卦] 馬文鈺喪禮鬧場 高嘉瑜本人報警抓人,findwind0826,106.1.235.250,→,自爆成這樣 我看氣到崩潰無法自理了,106.1.235.250 12/01 00:17,Not Anonymous,4.0
M.1638291580.A.FD5,Fw: [爆卦] 馬文鈺喪禮鬧場 高嘉瑜本人報警抓人,findwind0826,106.1.235.250,→,除非明天高嘉瑜說他們是玩SM拉,106.1.235.250 12/01 00:17,Not Anonymous,4.0
M.1638291580.A.FD5,Fw: [爆卦] 馬文鈺喪禮鬧場 高嘉瑜本人報警抓人,findwind0826,106.1.235.250,→,不然你現在講什麼都是假的,106.1.235.250 12/01 00:17,Not Anonymous,4.0
M.1638291580.A.FD5,Fw: [爆卦] 馬文鈺喪禮鬧場 高嘉瑜本人報警抓人,findwind0826,106.1.235.250,→,LINE拿的到就兩種 林的手下或是林,106.1.235.250 12/01 00:19,Not Anonymous,4.0
M.1638291580.A.FD5,Fw: [爆卦] 馬文鈺喪禮鬧場 高嘉瑜本人報警抓人,findwind0826,106.1.235.250,→,順便講拉 林痛苦三小 當年你打老母,106.1.235.250 12/01 00:20,Not Anonymous,4.0
M.1638291580.A.FD5,Fw: [爆卦] 馬文鈺喪禮鬧場 高嘉瑜本人報警抓人,findwind0826,106.1.235.250,→,我就知道你要在明天開記者會給警告,106.1.235.250 12/01 00:21,Not Anonymous,4.0
M.1638291580.A.FD5,Fw: [爆卦] 馬文鈺喪禮鬧場 高嘉瑜本人報警抓人,findwind0826,106.1.235.250,→,我看那串對話往上拉就是威脅用影片,106.1.235.250 12/01 00:21,Not Anonymous,4.0
M.1638291580.A.FD5,Fw: [爆卦] 馬文鈺喪禮鬧場 高嘉瑜本人報警抓人,findwind0826,106.1.235.250,→,如果有影片 不只站我這邊 玩SM都行,106.1.235.250 12/01 00:22,Not Anonymous,4.0
M.1638291580.A.FD5,Fw: [爆卦] 馬文鈺喪禮鬧場 高嘉瑜本人報警抓人,findwind0826,106.1.235.250,→,奇怪妳各位是不知道林手上有影片?,106.1.235.250 12/01 00:23,Not Anonymous,4.0
M.1638291580.A.FD5,Fw: [爆卦] 馬文鈺喪禮鬧場 高嘉瑜本人報警抓人,findwind0826,106.1.235.250,推,女神XDD 幹他上一篇還罵高欸,106.1.235.250 12/01 00:25,Not Anonymous,4.0
M.1638291580.A.FD5,Fw: [爆卦] 馬文鈺喪禮鬧場 高嘉瑜本人報警抓人,findwind0826,106.1.235.250,→,而且是林的LINE 超好笑XDDD 超自爆,106.1.235.250 12/01 00:25,Not Anonymous,4.0
M.1638291580.A.FD5,Fw: [爆卦] 馬文鈺喪禮鬧場 高嘉瑜本人報警抓人,findwind0826,106.1.235.250,→,這時間點拿的到對話 就林或林相關人,106.1.235.250 12/01 00:26,Not Anonymous,4.0
M.1638291580.A.FD5,Fw: [爆卦] 馬文鈺喪禮鬧場 高嘉瑜本人報警抓人,findwind0826,106.1.235.250,→,他這個LINE明顯是給高警告拉,106.1.235.250 12/01 00:26,Not Anonymous,4.0
M.1638291580.A.FD5,Fw: [爆卦] 馬文鈺喪禮鬧場 高嘉瑜本人報警抓人,findwind0826,106.1.235.250,→,不然幹嘛趕在記者會前發這狗屁不通,106.1.235.250 12/01 00:26,Not Anonymous,4.0
M.1638291580.A.FD5,Fw: [爆卦] 馬文鈺喪禮鬧場 高嘉瑜本人報警抓人,findwind0826,106.1.235.250,→,表示林的LINE對話給出去了 警告高,106.1.235.250 12/01 00:27,Not Anonymous,4.0
M.1638291580.A.FD5,Fw: [爆卦] 馬文鈺喪禮鬧場 高嘉瑜本人報警抓人,findwind0826,106.1.235.250,→,這文只表示林的LINE對話給出去了,106.1.235.250 12/01 00:27,Not Anonymous,4.0
M.1638291580.A.FD5,Fw: [爆卦] 馬文鈺喪禮鬧場 高嘉瑜本人報警抓人,findwind0826,106.1.235.250,→,目的警告高嘉瑜明天記者會最好閉嘴,106.1.235.250 12/01 00:28,Not Anonymous,4.0
M.1638291580.A.FD5,Fw: [爆卦] 馬文鈺喪禮鬧場 高嘉瑜本人報警抓人,findwind0826,106.1.235.250,→,少來拉 他下午第一篇文還在打高,106.1.235.250 12/01 00:28,Not Anonymous,4.0
M.1638291580.A.FD5,Fw: [爆卦] 馬文鈺喪禮鬧場 高嘉瑜本人報警抓人,findwind0826,106.1.235.250,→,整篇狗屁不通 有意義的訊息就LINE,106.1.235.250 12/01 00:29,Not Anonymous,4.0
M.1638291580.A.FD5,Fw: [爆卦] 馬文鈺喪禮鬧場 高嘉瑜本人報警抓人,findwind0826,106.1.235.250,→,果然 直接說出他手上啥都有了 笑死,106.1.235.250 12/01 00:30,Not Anonymous,4.0
M.1638291580.A.FD5,Fw: [爆卦] 馬文鈺喪禮鬧場 高嘉瑜本人報警抓人,findwind0826,106.1.235.250,→,高嘉瑜明天講什麼都不可信了,106.1.235.250 12/01 00:30,Not Anonymous,4.0
M.1638291580.A.FD5,Fw: [爆卦] 馬文鈺喪禮鬧場 高嘉瑜本人報警抓人,findwind0826,106.1.235.250,→,這篇警告意味太濃太噁心 滾,106.1.235.250 12/01 00:31,Not Anonymous,4.0
M.1638291857.A.CF7,Re: [爆卦] 馬文鈺喪禮鬧場 高嘉瑜本人報警抓人,sumsum,42.72.161.222,推,生日快樂$$$,42.72.161.222 12/01 01:19,Not Anonymous,4.0
M.1638291868.A.42B,Re: [爆卦] 馬文鈺喪禮鬧場 高嘉瑜本人報警抓人,findwind0826,106.1.235.250,推,他們一夥人語氣都一模一樣拉,106.1.235.250 12/01 01:07,Not Anonymous,4.0
M.1638291868.A.42B,Re: [爆卦] 馬文鈺喪禮鬧場 高嘉瑜本人報警抓人,findwind0826,106.1.235.250,→,整團人訓練有素 語氣都一模一樣,106.1.235.250 12/01 01:07,Not Anonymous,4.0
M.1638291868.A.42B,Re: [爆卦] 馬文鈺喪禮鬧場 高嘉瑜本人報警抓人,findwind0826,106.1.235.250,→,但語氣確實跟原始督割文最像,106.1.235.250 12/01 01:07,Not Anonymous,4.0
M.1638291868.A.42B,Re: [爆卦] 馬文鈺喪禮鬧場 高嘉瑜本人報警抓人,findwind0826,106.1.235.250,→,那個口吻我看得多了 就督割嘴臉,106.1.235.250 12/01 01:10,Not Anonymous,4.0
M.1638291868.A.42B,Re: [爆卦] 馬文鈺喪禮鬧場 高嘉瑜本人報警抓人,sumsum,42.72.161.222,推,推,42.72.161.222 12/01 01:23,Not Anonymous,4.0
M.1638323495.A.2C6,Re: [爆卦] 馬文鈺喪禮鬧場 高嘉瑜本人報警抓人,findwind0826,106.1.235.250,→,如果有影片 不只站我這邊 玩SM都行,106.1.235.250 12/01 00:22,Not Anonymous,4.0
M.1638324397.A.1F1,Re: [新聞] 高嘉瑜認了遭握｢親密影片｣全身傷不敢報,findwind0826,61.216.20.61,推,他半夜就被抓走了 我看是來不及,61.216.20.61 12/01 10:08,Possible Proxy,4.0
M.1638324397.A.1F1,Re: [新聞] 高嘉瑜認了遭握｢親密影片｣全身傷不敢報,findwind0826,61.216.20.61,→,上一任也打 老爸老母也打,61.216.20.61 12/01 10:09,Possible Proxy,4.0
M.1638325115.A.07C,[爆卦] 高嘉瑜將親自說明,findwind0826,61.216.20.61,→,只是玩SM拉 大驚小怪,61.216.20.61 12/01 10:19,Possible Proxy,4.0
M.1638325963.A.2A3,Re: [新聞] 高嘉瑜遭家暴！四叉貓驚：藍綠鐵粉解讀,findwind0826,61.216.20.61,→,少來 一定認識 可能不熟一定認識,61.216.20.61 12/01 10:34,Possible Proxy,4.0
M.1638325963.A.2A3,Re: [新聞] 高嘉瑜遭家暴！四叉貓驚：藍綠鐵粉解讀,findwind0826,61.216.20.61,→,路上隨便會有不認識的找我去公祭?,61.216.20.61 12/01 10:34,Possible Proxy,4.0
M.1638325963.A.2A3,Re: [新聞] 高嘉瑜遭家暴！四叉貓驚：藍綠鐵粉解讀,findwind0826,61.216.20.61,→,我不信拉 那個送輓聯名單超扯,61.216.20.61 12/01 10:36,Possible Proxy,4.0
M.1638326344.A.A69,[新聞] 上週突被高嘉瑜背後摟住 蔡壁如：回想起,simata,12/01,→,4%救救加魚,12/01 10:58,no ip,4.0
M.1638326683.A.0F8,[討論] 高嘉瑜男友是藍的還是綠的???,simata,12/01,→,正綠,12/01 10:57,no ip,4.0
M.1638326766.A.615,[爆卦] 高嘉瑜：他有我的不雅照 包括跟前女友,madeathmao,60.250.204.170,→,一堆政治腦還在檢討被害人，噁心,60.250.204.170 12/01 11:13,Not Anonymous,4.0
M.1638326969.A.047,[新聞] 快訊／高嘉瑜崩潰痛哭：若我不勇敢面對,simata,12/01,推,加油。垃圾台男,12/01 10:57,no ip,4.0
M.1638327947.A.546,[新聞] 新女友？高嘉瑜男友飯店被捕 1長髮女陪伴,findwind0826,61.216.20.61,推,越看越像設計用美男計控制高嘉瑜了,61.216.20.61 12/01 11:07,Possible Proxy,4.0
M.1638327947.A.546,[新聞] 新女友？高嘉瑜男友飯店被捕 1長髮女陪伴,findwind0826,61.216.20.61,→,越看越像設計用美男計控制高嘉瑜了,61.216.20.61 12/01 11:07,Possible Proxy,4.0
M.1638327947.A.546,[新聞] 新女友？高嘉瑜男友飯店被捕 1長髮女陪伴,madeathmao,60.250.204.170,→,自費當沙包，這智能不簡單,60.250.204.170 12/01 11:13,Not Anonymous,4.0
M.1638328206.A.AA4,Re: [爆卦] 馬文鈺喪禮鬧場 高嘉瑜本人報警抓人,findwind0826,61.216.20.61,推,幹那台車的發車仔就督割風 誰信阿,61.216.20.61 12/01 11:11,Possible Proxy,4.0
M.1638328206.A.AA4,Re: [爆卦] 馬文鈺喪禮鬧場 高嘉瑜本人報警抓人,findwind0826,61.216.20.61,→,督割風格就很嗆但避重就輕,61.216.20.61 12/01 11:12,Possible Proxy,4.0
M.1638328206.A.AA4,Re: [爆卦] 馬文鈺喪禮鬧場 高嘉瑜本人報警抓人,findwind0826,61.216.20.61,→,我猜是同夥拉 不然語氣也太像督割,61.216.20.61 12/01 11:13,Possible Proxy,4.0
M.1638328206.A.AA4,Re: [爆卦] 馬文鈺喪禮鬧場 高嘉瑜本人報警抓人,findwind0826,61.216.20.61,→,真的查到林的話 那也沒啥精彩阿...,61.216.20.61 12/01 11:14,Possible Proxy,4.0
M.1638328206.A.AA4,Re: [爆卦] 馬文鈺喪禮鬧場 高嘉瑜本人報警抓人,findwind0826,61.216.20.61,→,他不是林就是林的同夥 同夥才有料,61.216.20.61 12/01 11:14,Possible Proxy,4.0
M.1638328206.A.AA4,Re: [爆卦] 馬文鈺喪禮鬧場 高嘉瑜本人報警抓人,findwind0826,61.216.20.61,→,查到林本人... 就不意外而已阿,61.216.20.61 12/01 11:15,Possible Proxy,4.0
M.1638328518.A.956,Re: [新聞] 快訊／高嘉瑜崩潰痛哭：若我不勇敢面,findwind0826,61.216.20.61,→,看起來是隱忍等機會反擊,61.216.20.61 12/01 11:16,Possible Proxy,4.0
M.1638328560.A.833,Re: [新聞] 高嘉瑜前男友駁鬧靈堂　發聲明：窮盡所,findwind0826,61.216.20.61,推,反正那個ID已經廢了,61.216.20.61 12/01 11:18,Possible Proxy,4.0
M.1638329725.A.75F,[新聞] 多圖／高嘉瑜遭男友林秉樞暴打「驚悚傷勢,madeathmao,60.250.204.170,推,護航跟嘲諷的側翼粉專咧？肏你媽的,60.250.204.170 12/01 11:41,Not Anonymous,4.0
M.1638329725.A.75F,[新聞] 多圖／高嘉瑜遭男友林秉樞暴打「驚悚傷勢,madeathmao,60.250.204.170,推,膝蓋這樣還能走路跑行程也是很能忍,60.250.204.170 12/01 11:45,Not Anonymous,4.0
M.1638329725.A.75F,[新聞] 多圖／高嘉瑜遭男友林秉樞暴打「驚悚傷勢,findwind0826,61.216.20.61,→,打成這樣還能叫好的真的泯滅人性,61.216.20.61 12/01 11:53,Possible Proxy,4.0
M.1638329725.A.75F,[新聞] 多圖／高嘉瑜遭男友林秉樞暴打「驚悚傷勢,Thaichonburi,171.97.102.73,推,幹 這男的真畜牲,171.97.102.73 12/01 12:02,Not Anonymous,4.0
M.1638329725.A.75F,[新聞] 多圖／高嘉瑜遭男友林秉樞暴打「驚悚傷勢,Thaichonburi,171.97.102.73,推,低能兒 昨天蘇貞昌不就出來譴責了,171.97.102.73 12/01 20:21,Not Anonymous,4.0
M.1638329725.A.75F,[新聞] 多圖／高嘉瑜遭男友林秉樞暴打「驚悚傷勢,Thaichonburi,171.97.102.73,→,還被酸,171.97.102.73 12/01 20:21,Not Anonymous,4.0
M.1638329930.A.552,[新聞] 林秉樞道歉說他第一次打女人 高嘉瑜:當時,findwind0826,61.216.20.61,推,家暴完一定是道歉阿 下次繼續XDDDD,61.216.20.61 12/01 11:40,Possible Proxy,4.0
M.1638329930.A.552,[新聞] 林秉樞道歉說他第一次打女人 高嘉瑜:當時,findwind0826,61.216.20.61,→,少來拉XDDD +<>< 打完就準備反擊了,61.216.20.61 12/01 11:40,Possible Proxy,4.0
M.1638329930.A.552,[新聞] 林秉樞道歉說他第一次打女人 高嘉瑜:當時,findwind0826,61.216.20.61,→,雖然我挺妳 但我才不信妳那麼溫良,61.216.20.61 12/01 11:41,Possible Proxy,4.0
M.1638329930.A.552,[新聞] 林秉樞道歉說他第一次打女人 高嘉瑜:當時,findwind0826,61.216.20.61,→,唬爛拉 連前女友也打,61.216.20.61 12/01 11:42,Possible Proxy,4.0
M.1638329930.A.552,[新聞] 林秉樞道歉說他第一次打女人 高嘉瑜:當時,findwind0826,61.216.20.61,推,說的 真的尻成這樣也是看了很可怕,61.216.20.61 12/01 11:52,Possible Proxy,4.0
M.1638329930.A.552,[新聞] 林秉樞道歉說他第一次打女人 高嘉瑜:當時,findwind0826,61.216.20.61,→,這打法可能打蠻久的,61.216.20.61 12/01 11:54,Possible Proxy,4.0
M.1638329930.A.552,[新聞] 林秉樞道歉說他第一次打女人 高嘉瑜:當時,madeathmao,60.250.204.170,推,嘔嘔嘔嘔嘔，這種咖洨拜託讓他社死,60.250.204.170 12/01 11:59,Not Anonymous,4.0
M.1638330903.A.FD5,Re: [新聞] 多圖／高嘉瑜遭男友林秉樞暴打「驚悚傷勢,findwind0826,61.216.20.61,→,膝蓋手臂全都是傷 我看可能還有摔角,61.216.20.61 12/01 11:55,Possible Proxy,4.0
M.1638330903.A.FD5,Re: [新聞] 多圖／高嘉瑜遭男友林秉樞暴打「驚悚傷勢,findwind0826,61.216.20.61,→,對 她是過幾天才逃出去驗傷的,61.216.20.61 12/01 11:56,Possible Proxy,4.0
M.1638331707.A.58F,[新聞] 還原家暴遭勒脖當晚 高嘉瑜︰被打到不成,madeathmao,60.250.204.170,推,能把這帶到四個同意的政治腦很會喔,60.250.204.170 12/01 12:21,Not Anonymous,4.0
M.1638331707.A.58F,[新聞] 還原家暴遭勒脖當晚 高嘉瑜︰被打到不成,simata,60.250.204.170,推,正綠的打女人很行,60.250.204.170 12/01 12:34,Not Anonymous,4.0
M.1638331707.A.58F,[新聞] 還原家暴遭勒脖當晚 高嘉瑜︰被打到不成,kelven0813,114.137.88.164,推,協尋DPP婦女部,114.137.88.164 12/01 12:41,Not Anonymous,4.0
M.1638334649.A.005,[新聞] 林秉樞承認一時衝動打人 宣稱「高嘉瑜也有還手」,antigidu,42.73.73.111,→,去你的塔綠班   東拉西扯愛說謊,42.73.73.111 12/01 13:16,Not Anonymous,4.0
M.1638336428.A.4D1,[新聞] 高嘉瑜遭家暴》黃國昌翻出加害人「舊案」,madeathmao,60.250.204.170,→,事實啊，可教化或是不會再犯根本幹話,60.250.204.170 12/01 13:54,Not Anonymous,4.0
M.1638337220.A.1FC,[新聞] 林秉樞終於坦承動粗 狡辯稱：高嘉瑜「先,WilliamWill,60.250.204.170,推,包包丟人太傷人了，不如往死裡打？,60.250.204.170 12/01 13:43,Not Anonymous,4.0
M.1638337220.A.1FC,[新聞] 林秉樞終於坦承動粗 狡辯稱：高嘉瑜「先,madeathmao,60.250.204.170,→,這種人不會悔改的啦，銷毀好嗎,60.250.204.170 12/01 13:55,Not Anonymous,4.0
M.1638337220.A.1FC,[新聞] 林秉樞終於坦承動粗 狡辯稱：高嘉瑜「先,madeathmao,60.250.204.170,→,你他媽乾脆說高沒有抗中保台算了,60.250.204.170 12/01 13:55,Not Anonymous,4.0
M.1638338488.A.569,[新聞] 網酸高嘉瑜為何不求助 王婉諭直指：你們,NCTUFAIWEN,61.216.20.61,噓,啊你怎麼不早點去幫忙,61.216.20.61 12/01 17:49,Possible Proxy,4.0
M.1638343070.A.4A6,Re: [新聞] 網酸高嘉瑜為何不求助 王婉諭直指：你們,findwind0826,61.216.20.61,推,幹柯韓粉臥底XDDD 太扯了吧,61.216.20.61 12/01 15:22,Possible Proxy,4.0
M.1638343070.A.4A6,Re: [新聞] 網酸高嘉瑜為何不求助 王婉諭直指：你們,findwind0826,61.216.20.61,→,寫文罵柯文哲歧視女性的是柯韓粉XDD,61.216.20.61 12/01 15:22,Possible Proxy,4.0
M.1638344132.A.8D1,[新聞] 高嘉瑜飯店內遭施暴 陳時中籲目睹者應通,findwind0826,61.216.20.61,→,部長果然厲害 在乾一杯!,61.216.20.61 12/01 15:36,Possible Proxy,4.0
M.1638349161.A.EBA,[新聞] 傻眼！高嘉瑜遭家暴 黃安酸「有前途的政,findwind0826,61.216.20.61,推,OK黃安討厭高嘉瑜 那我更要挺了,61.216.20.61 12/01 17:01,Possible Proxy,4.0
M.1638353261.A.82C,[新聞] 中央委員黃覲偉稱高嘉瑜被打活該 國民黨,findwind0826,61.216.20.61,→,笑死 白癡 送槍給簡七段,61.216.20.61 12/01 18:08,Possible Proxy,4.0
M.1638354950.A.D85,[新聞] 嗆高嘉瑜「被打活該」　國民黨中央委員,madeathmao,118.166.220.124,噓,說出這種鬼話的人談性別平等？,118.166.220.124 12/01 18:51,Not Anonymous,4.0
M.1638357027.A.4B0,[新聞] 高嘉瑜家暴案 林秉樞：高嘉瑜一直傳照片,findwind0826,61.216.20.61,→,講什麼都沒用啦 你就有用暴力阿,61.216.20.61 12/01 19:10,Possible Proxy,4.0
M.1638357027.A.4B0,[新聞] 高嘉瑜家暴案 林秉樞：高嘉瑜一直傳照片,findwind0826,61.216.20.61,→,剛扁完 別說傳照片 玩SM都可以,61.216.20.61 12/01 19:11,Possible Proxy,4.0
M.1638357027.A.4B0,[新聞] 高嘉瑜家暴案 林秉樞：高嘉瑜一直傳照片,findwind0826,61.216.20.61,→,有什麼好查的 沒辦法證明高是非受迫,61.216.20.61 12/01 19:11,Possible Proxy,4.0
M.1638357027.A.4B0,[新聞] 高嘉瑜家暴案 林秉樞：高嘉瑜一直傳照片,findwind0826,61.216.20.61,→,的情況 就沒有意義阿,61.216.20.61 12/01 19:12,Possible Proxy,4.0
M.1638357037.A.FD5,Re: [新聞] 新女友？高嘉瑜男友飯店被捕 1長髮女陪伴,findwind0826,61.216.20.61,推,有掛 給推,61.216.20.61 12/01 19:14,Possible Proxy,4.0
M.1638357037.A.FD5,Re: [新聞] 新女友？高嘉瑜男友飯店被捕 1長髮女陪伴,sumsum,42.72.161.222,推,乾八卦回來了,42.72.161.222 12/01 20:44,Not Anonymous,4.0
M.1638359610.A.436,[新聞] 高嘉瑜遭施暴1450出動？　前男友「小馬」,Thaichonburi,171.97.102.73,噓,幹你媽的。他打黃偉哲豹紋幾篇。,171.97.102.73 12/01 20:28,Not Anonymous,4.0
M.1638359610.A.436,[新聞] 高嘉瑜遭施暴1450出動？　前男友「小馬」,Thaichonburi,171.97.102.73,→,低能兒講他幫執政黨護航。,171.97.102.73 12/01 20:28,Not Anonymous,4.0
M.1638359610.A.436,[新聞] 高嘉瑜遭施暴1450出動？　前男友「小馬」,Thaichonburi,171.97.102.73,→,指鹿為馬的ptt名人,171.97.102.73 12/01 20:31,Not Anonymous,4.0
M.1638359610.A.436,[新聞] 高嘉瑜遭施暴1450出動？　前男友「小馬」,Thaichonburi,171.97.102.73,噓,低能兒查一下瘋狂維尼打綠的多少篇,171.97.102.73 12/01 20:34,Not Anonymous,4.0
M.1638359610.A.436,[新聞] 高嘉瑜遭施暴1450出動？　前男友「小馬」,Thaichonburi,171.97.102.73,→,再來帶風向啦幹,171.97.102.73 12/01 20:34,Not Anonymous,4.0
M.1638359610.A.436,[新聞] 高嘉瑜遭施暴1450出動？　前男友「小馬」,Thaichonburi,171.97.102.73,→,https://tinyurl.com/2p9yjpm7,171.97.102.73 12/01 20:35,Not Anonymous,4.0
M.1638359610.A.436,[新聞] 高嘉瑜遭施暴1450出動？　前男友「小馬」,Thaichonburi,171.97.102.73,→,把話反過來講的。八卦板推爆。,171.97.102.73 12/01 20:36,Not Anonymous,4.0
M.1638359610.A.436,[新聞] 高嘉瑜遭施暴1450出動？　前男友「小馬」,Thaichonburi,171.97.102.73,→,現在的低能兒9.25毛都底有多少啊,171.97.102.73 12/01 20:37,Not Anonymous,4.0
M.1638359799.A.D84,"[黑特] 論文門國際化後, 百個高嘉瑜來陪葬都沒用",fat980,12/01,推,喔！演到哪記得說一下，哈哈,12/01 19:59,no ip,4.0
M.1638359799.A.D84,"[黑特] 論文門國際化後, 百個高嘉瑜來陪葬都沒用",fat980,12/01,→,他們就笑話，文寫這樣連看都不想看，因爲他們就是笑話,12/01 20:00,no ip,4.0
M.1638359799.A.D84,"[黑特] 論文門國際化後, 百個高嘉瑜來陪葬都沒用",fat980,12/01,→,他因該是要介紹廁所門跟廚房門要怎麽挑選,12/01 20:01,no ip,4.0
M.1638360495.A.772,[新聞] 被施暴還手？高嘉瑜駁：林男力氣大只有,Thaichonburi,171.97.102.73,噓,低能兒：我相信高有還手啦,171.97.102.73 12/01 20:25,Not Anonymous,4.0
M.1638360495.A.772,[新聞] 被施暴還手？高嘉瑜駁：林男力氣大只有,Thaichonburi,171.97.102.73,推,繼續酸高前 先去請示一下輿情小組,171.97.102.73 12/01 20:44,Not Anonymous,4.0
M.1638360495.A.772,[新聞] 被施暴還手？高嘉瑜駁：林男力氣大只有,Thaichonburi,171.97.102.73,→,還是上線頭。這個要繼續酸嗎 還是低,171.97.102.73 12/01 20:44,Not Anonymous,4.0
M.1638360495.A.772,[新聞] 被施暴還手？高嘉瑜駁：林男力氣大只有,Thaichonburi,171.97.102.73,→,能兒 沒法改指令了。按鍵按了只能噴,171.97.102.73 12/01 20:44,Not Anonymous,4.0
M.1638360495.A.772,[新聞] 被施暴還手？高嘉瑜駁：林男力氣大只有,Thaichonburi,171.97.102.73,→,屎,171.97.102.73 12/01 20:44,Not Anonymous,4.0
M.1638361733.A.850,[新聞] 高嘉瑜遭施暴1450出動？　前男友「小馬」,previa,12/01,→,政黑我看一堆啊 之前還嶺東這種破爛貨色,12/01 20:31,no ip,4.0
M.1638362674.A.703,Re: [新聞] 高嘉瑜遭施暴1450出動？　前男友「小馬」,Thaichonburi,171.97.102.73,推,這種有文可以追蹤的。 還可以帶網內,171.97.102.73 12/01 20:48,Not Anonymous,4.0
M.1638362674.A.703,Re: [新聞] 高嘉瑜遭施暴1450出動？　前男友「小馬」,Thaichonburi,171.97.102.73,→,互打的低能兒。真的高啊,171.97.102.73 12/01 20:48,Not Anonymous,4.0
M.1638362674.A.703,Re: [新聞] 高嘉瑜遭施暴1450出動？　前男友「小馬」,Thaichonburi,171.97.102.73,→,你馬網內互打 也不敢去打英女皇啦,171.97.102.73 12/01 20:49,Not Anonymous,4.0
M.1638362674.A.703,Re: [新聞] 高嘉瑜遭施暴1450出動？　前男友「小馬」,Thaichonburi,171.97.102.73,→,。低能兒,171.97.102.73 12/01 20:49,Not Anonymous,4.0
M.1638362674.A.703,Re: [新聞] 高嘉瑜遭施暴1450出動？　前男友「小馬」,Thaichonburi,171.97.102.73,→,又說網內互打 又要洗他護航執政黨。,171.97.102.73 12/01 20:50,Not Anonymous,4.0
M.1638362674.A.703,Re: [新聞] 高嘉瑜遭施暴1450出動？　前男友「小馬」,Thaichonburi,171.97.102.73,→,你馬低能兒選一個啦幹,171.97.102.73 12/01 20:51,Not Anonymous,4.0
M.1638362674.A.703,Re: [新聞] 高嘉瑜遭施暴1450出動？　前男友「小馬」,Thaichonburi,171.97.102.73,→,打執政黨 執政縣市爐渣不會打到英女,171.97.102.73 12/01 20:52,Not Anonymous,4.0
M.1638362674.A.703,Re: [新聞] 高嘉瑜遭施暴1450出動？　前男友「小馬」,Thaichonburi,171.97.102.73,→,皇 蘇光頭？  是不是低能兒啊,171.97.102.73 12/01 20:52,Not Anonymous,4.0
M.1638362674.A.703,Re: [新聞] 高嘉瑜遭施暴1450出動？　前男友「小馬」,Thaichonburi,171.97.102.73,→,爐渣相關爆卦 多少推文洗綠共塔綠班,171.97.102.73 12/01 20:53,Not Anonymous,4.0
M.1638362674.A.703,Re: [新聞] 高嘉瑜遭施暴1450出動？　前男友「小馬」,Thaichonburi,171.97.102.73,→,的？ 低能兒都不知道啦,171.97.102.73 12/01 20:53,Not Anonymous,4.0
M.1638362674.A.703,Re: [新聞] 高嘉瑜遭施暴1450出動？　前男友「小馬」,Thaichonburi,171.97.102.73,→,所以相信原始新聞ptt名人講維尼護航,171.97.102.73 12/01 20:56,Not Anonymous,4.0
M.1638362674.A.703,Re: [新聞] 高嘉瑜遭施暴1450出動？　前男友「小馬」,Thaichonburi,171.97.102.73,→,執政黨的。你馬就低能兒,171.97.102.73 12/01 20:56,Not Anonymous,4.0
M.1638362674.A.703,Re: [新聞] 高嘉瑜遭施暴1450出動？　前男友「小馬」,Thaichonburi,171.97.102.73,推,講出他護航幾篇。 低能兒再來噴啦,171.97.102.73 12/01 20:58,Not Anonymous,4.0
M.1638362674.A.703,Re: [新聞] 高嘉瑜遭施暴1450出動？　前男友「小馬」,Thaichonburi,171.97.102.73,推,護航林男=等於護航綠的 低能兒,171.97.102.73 12/01 21:02,Not Anonymous,4.0
M.1638362674.A.703,Re: [新聞] 高嘉瑜遭施暴1450出動？　前男友「小馬」,Thaichonburi,171.97.102.73,→,一堆質疑他就是林男或受他委託的。,171.97.102.73 12/01 21:04,Not Anonymous,4.0
M.1638362674.A.703,Re: [新聞] 高嘉瑜遭施暴1450出動？　前男友「小馬」,Thaichonburi,171.97.102.73,→,他打高打成這樣。誰護他就是低能兒,171.97.102.73 12/01 21:04,Not Anonymous,4.0
M.1638362674.A.703,Re: [新聞] 高嘉瑜遭施暴1450出動？　前男友「小馬」,Thaichonburi,171.97.102.73,→,。 撇都來不及了 藍綠誰敢護他跟他,171.97.102.73 12/01 21:04,Not Anonymous,4.0
M.1638362674.A.703,Re: [新聞] 高嘉瑜遭施暴1450出動？　前男友「小馬」,Thaichonburi,171.97.102.73,→,沾上邊的,171.97.102.73 12/01 21:04,Not Anonymous,4.0
M.1638362674.A.703,Re: [新聞] 高嘉瑜遭施暴1450出動？　前男友「小馬」,Thaichonburi,171.97.102.73,推,原來之前在維尼打台南兒的豹紋 都反,171.97.102.73 12/01 22:05,Not Anonymous,4.0
M.1638362674.A.703,Re: [新聞] 高嘉瑜遭施暴1450出動？　前男友「小馬」,Thaichonburi,171.97.102.73,→,串 內鬥的的啦幹 低能兒,171.97.102.73 12/01 22:06,Not Anonymous,4.0
M.1638362674.A.703,Re: [新聞] 高嘉瑜遭施暴1450出動？　前男友「小馬」,Thaichonburi,171.97.102.73,推,前方低能。 快跑,171.97.102.73 12/02 00:24,Not Anonymous,4.0
M.1638362961.A.1CF,[新聞] 朱立倫：「塔綠班」惡意攻擊高嘉瑜 蔡英,fat980,116.241.152.77,推,白藍講這話笑死,116.241.152.77 12/01 20:51,Not Anonymous,4.0
M.1638365787.A.175,Re: [新聞] 高嘉瑜遭施暴1450出動？　前男友「小馬」,sumsum,42.72.161.222,推,推！,42.72.161.222 12/02 00:36,Not Anonymous,4.0
M.1638378827.A.957,Re: [新聞] 高嘉瑜：剛交往時就被逼下跪 自責「覺得,previa,60.251.43.22,→,民進黨低能支持者被黨雙標玩假的,60.251.43.22 12/02 01:28,Not Anonymous,4.0
M.1638380209.A.EDD,Re: [新聞] 洗白林秉樞狂黑高嘉瑜 發文者本尊遭起底,findwind0826,106.1.235.250,推,督割是他員工喔ㄏㄏ,106.1.235.250 12/02 02:23,Not Anonymous,4.0
M.1638382247.A.409,Re: [新聞] 高嘉瑜：剛交往時就被逼下跪 自責「覺得,findwind0826,106.1.235.250,推,這兩回事 但會被這種膨風仔騙.....,106.1.235.250 12/02 02:20,Not Anonymous,4.0
M.1638382247.A.409,Re: [新聞] 高嘉瑜：剛交往時就被逼下跪 自責「覺得,findwind0826,106.1.235.250,→,說真的這種膨風仔一看就知道,106.1.235.250 12/02 02:20,Not Anonymous,4.0
M.1638382247.A.409,Re: [新聞] 高嘉瑜：剛交往時就被逼下跪 自責「覺得,findwind0826,106.1.235.250,→,43歲還沒畢業 是能多有料?,106.1.235.250 12/02 02:21,Not Anonymous,4.0
M.1638382247.A.409,Re: [新聞] 高嘉瑜：剛交往時就被逼下跪 自責「覺得,findwind0826,106.1.235.250,→,有料的43歲還需要待在校園?,106.1.235.250 12/02 02:21,Not Anonymous,4.0
M.1638400512.A.D63,[新聞] 林秉樞被收押再爆「高嘉瑜應該很開心啦,simata,114.34.37.65,推,精神病無罪,114.34.37.65 12/02 07:58,Not Anonymous,4.0
M.1638400512.A.D63,[新聞] 林秉樞被收押再爆「高嘉瑜應該很開心啦,madeathmao,118.166.220.124,推,政治腦末期，可憐哪,118.166.220.124 12/02 08:23,Not Anonymous,4.0
M.1638400512.A.D63,[新聞] 林秉樞被收押再爆「高嘉瑜應該很開心啦,antigidu,42.73.213.8,推,塔綠班渣男   真是名副其實,42.73.213.8 12/02 08:30,Not Anonymous,4.0
M.1638401634.A.AF5,Re: [新聞]高嘉瑜｢總統、周玉蔻挨罵時很開心｣  ,antigidu,42.73.213.8,推,塔綠班就是一群擾亂社會秩序的垃圾,42.73.213.8 12/02 11:50,Not Anonymous,4.0
M.1638401926.A.827,Re: [新聞]高嘉瑜｢總統、周玉蔻挨罵時很開心｣  ,madeathmao,118.166.220.124,→,這就是塔綠班蟑螂啊，不意外,118.166.220.124 12/02 08:28,Not Anonymous,4.0
M.1638403879.A.CA2,Re: [新聞] 林秉樞被收押再爆「高嘉瑜應該很開心啦,chienk,111.243.23.107,推,如果太多把柄 應該是出不來吧,111.243.23.107 12/02 08:25,Possibly Anonymous,4.0
M.1638404922.A.2B5,[新聞] 高嘉瑜 小馬你們贏了  林秉樞5度道歉:放,WilliamWill,60.250.204.170,推,往死裡打的時候，有在想放過誰嗎？,60.250.204.170 12/02 08:58,Not Anonymous,4.0
M.1638404922.A.2B5,[新聞] 高嘉瑜 小馬你們贏了  林秉樞5度道歉:放,Thaichonburi,171.97.102.73,→,戴口罩 這種眼神看起來真有精神狀況,171.97.102.73 12/02 09:05,Not Anonymous,4.0
M.1638404922.A.2B5,[新聞] 高嘉瑜 小馬你們贏了  林秉樞5度道歉:放,Thaichonburi,171.97.102.73,→,。 放出來會殺人的,171.97.102.73 12/02 09:05,Not Anonymous,4.0
M.1638416023.A.58A,[新聞] 「高嘉瑜、小馬你們贏了」 林秉樞5度道,simata,12/02,推,關到死了。還在做夢,12/02 12:34,no ip,4.0
M.1638416465.A.9AF,[新聞] 高嘉瑜遭家暴登國際版面　南韓媒體報導、,moon128,42.72.244.89,推,塔綠班又讓世界看見台灣,42.72.244.89 12/02 11:46,Not Anonymous,4.0
M.1638416465.A.9AF,[新聞] 高嘉瑜遭家暴登國際版面　南韓媒體報導、,antigidu,42.73.213.8,→,民進黨丟臉阿   全世界都知道,42.73.213.8 12/02 12:01,Not Anonymous,4.0
M.1638416465.A.9AF,[新聞] 高嘉瑜遭家暴登國際版面　南韓媒體報導、,antigidu,42.73.213.8,→,垃圾綠蟑螂  還想洗風向,42.73.213.8 12/02 12:02,Not Anonymous,4.0
M.1638416465.A.9AF,[新聞] 高嘉瑜遭家暴登國際版面　南韓媒體報導、,antigidu,42.73.213.8,→,雙標民進黨騙票   選前選後不一樣,42.73.213.8 12/02 12:03,Not Anonymous,4.0
M.1638416465.A.9AF,[新聞] 高嘉瑜遭家暴登國際版面　南韓媒體報導、,antigidu,42.73.213.8,→,范雲人呢？,42.73.213.8 12/02 12:04,Not Anonymous,4.0
M.1638416465.A.9AF,[新聞] 高嘉瑜遭家暴登國際版面　南韓媒體報導、,antigidu,42.73.213.8,→,塔綠班  家暴  8千元外遇   才幹過人,42.73.213.8 12/02 12:05,Not Anonymous,4.0
M.1638416465.A.9AF,[新聞] 高嘉瑜遭家暴登國際版面　南韓媒體報導、,antigidu,42.73.213.8,推,被女權低的兩國嘲笑  可悲塔綠班,42.73.213.8 12/02 12:08,Not Anonymous,4.0
M.1638417760.A.491,Re: [新聞] 高嘉瑜遭家暴登國際版面　南韓媒體報導、,moon128,42.72.244.89,推,別打了 塔綠班要氣哭了,42.72.244.89 12/02 12:17,Not Anonymous,4.0
M.1638418895.A.503,Re: [新聞] 高嘉瑜：剛交往時就被逼下跪 自責「覺得,sumsum,42.72.161.222,推,推 北九州真的毛骨悚然,42.72.161.222 12/02 12:38,Not Anonymous,4.0
M.1638421991.A.428,[地獄] 高嘉瑜跟范仲淹有什麼共同點？,Thaichonburi,12/02,噓,被扁過又不是只有她們。地獄梗也要程度的好嗎,12/02 14:46,no ip,4.0
M.1638421991.A.428,[地獄] 高嘉瑜跟范仲淹有什麼共同點？,Thaichonburi,12/03,→,看到有人開始講噓的塔綠班。  那推的，不就9.25毛居,12/03 14:56,no ip,4.0
M.1638421991.A.428,[地獄] 高嘉瑜跟范仲淹有什麼共同點？,Thaichonburi,12/03,→,多嘍？,12/03 14:57,no ip,4.0
M.1638421991.A.428,[地獄] 高嘉瑜跟范仲淹有什麼共同點？,Thaichonburi,12/03,→,還女權勒 ， 仇女仇到，把人打半死的人渣 都變正義,12/03 14:58,no ip,4.0
M.1638421991.A.428,[地獄] 高嘉瑜跟范仲淹有什麼共同點？,Thaichonburi,12/03,→,了,12/03 14:58,no ip,4.0
M.1638423909.A.F4B,[新聞] 高嘉瑜全身是傷 林秉樞避重就輕：只有打,madeathmao,60.250.204.170,噓,膝蓋傷成那樣，鬼才要泡澡,60.250.204.170 12/02 13:55,Not Anonymous,4.0
M.1638425204.A.7C7,Re: [新聞] 高嘉瑜全身是傷 林秉樞避重就輕：只有打,findwind0826,61.216.20.61,→,高膝蓋上還一堆擦傷 泡澡想痛死?,61.216.20.61 12/02 14:17,Possible Proxy,4.0
M.1638425376.A.093,Re: [新聞] 高嘉瑜全身是傷 林秉樞避重就輕：只有打,findwind0826,61.216.20.61,→,傷成那樣還泡澡 根本地獄吧,61.216.20.61 12/02 14:16,Possible Proxy,4.0
M.1638425376.A.093,Re: [新聞] 高嘉瑜全身是傷 林秉樞避重就輕：只有打,findwind0826,61.216.20.61,→,欸他是不是不太會阿 自爆個不停,61.216.20.61 12/02 14:16,Possible Proxy,4.0
M.1638425376.A.093,Re: [新聞] 高嘉瑜全身是傷 林秉樞避重就輕：只有打,findwind0826,61.216.20.61,→,高膝蓋上還一堆擦傷 泡澡想痛死?,61.216.20.61 12/02 14:17,Possible Proxy,4.0
M.1638425376.A.093,Re: [新聞] 高嘉瑜全身是傷 林秉樞避重就輕：只有打,findwind0826,61.216.20.61,→,不要在胡說了 被打成這樣做愛還減緩,61.216.20.61 12/02 14:18,Possible Proxy,4.0
M.1638447944.A.5CF,[新聞] 還原林秉樞暴怒起因　高嘉瑜：藥袋沒寫,madeathmao,118.166.220.124,噓,到底有多愛這男的啊,118.166.220.124 12/02 20:49,Not Anonymous,4.0
M.1638447944.A.5CF,[新聞] 還原林秉樞暴怒起因　高嘉瑜：藥袋沒寫,yyyyyyyv,42.72.129.249,推,叫文組算12包分4天怎分不是強人所難嗎,42.72.129.249 12/02 21:00,Not Anonymous,4.0
M.1638460930.A.479,[新聞] 獨/抓到了!PTT網軍帶風向「高嘉瑜愛拍,antigidu,106.1.235.254,推,塔綠班蟑螂死全家,106.1.235.254 12/03 07:29,Not Anonymous,4.0
M.1638500507.A.4A0,[新聞] 高嘉瑜遭暴打…扯出網軍帶風向 何志偉怒,WilliamWill,60.250.204.170,噓,關啊，低能卡在等了,60.250.204.170 12/03 11:09,Not Anonymous,4.0
M.1638500507.A.4A0,[新聞] 高嘉瑜遭暴打…扯出網軍帶風向 何志偉怒,madeathmao,60.250.204.170,→,這結論是怎麼滑坡出來的？,60.250.204.170 12/03 11:25,Not Anonymous,4.0
M.1638500507.A.4A0,[新聞] 高嘉瑜遭暴打…扯出網軍帶風向 何志偉怒,madeathmao,60.250.204.170,→,解決發現問題的人，這很中共,60.250.204.170 12/03 11:26,Not Anonymous,4.0
M.1638500507.A.4A0,[新聞] 高嘉瑜遭暴打…扯出網軍帶風向 何志偉怒,mars56,42.73.24.152,推,做賊喊抓賊喔,42.73.24.152 12/03 14:32,Not Anonymous,4.0
M.1638603181.A.91A,[新聞] 高嘉瑜全身血被逼簽自白書！林秉樞錄下「,simata,114.34.37.65,→,綠的居然出這種垃圾,114.34.37.65 12/05 00:02,Not Anonymous,4.0
